SlNo,State_Code,State,District_Key,District,Confirmed,Active,Recovered,Deceased,Delta_Confirmed,Delta_Active,Delta_Recovered,Delta_Deceased,District_Notes,Last_Updated
0,UN,State Unassigned,UN_Unassigned,Unassigned,814,814,0,0,814,814,0,0,,
1,AN,Andaman and Nicobar Islands,AN_Nicobars,Nicobars,0,0,0,0,0,0,0,0,,
2,AN,Andaman and Nicobar Islands,AN_North and Middle Andaman,North and Middle Andaman,1,0,1,0,0,0,0,0,,
3,AN,Andaman and Nicobar Islands,AN_South Andaman,South Andaman,32,0,32,0,0,0,0,0,,
4,AP,Andhra Pradesh,AP_Anantapur,Anantapur,122,45,73,4,0,0,0,0,,
5,AP,Andhra Pradesh,AP_Chittoor,Chittoor,192,109,82,1,0,-1,0,1,,
6,AP,Andhra Pradesh,AP_East Godavari,East Godavari,57,14,43,0,0,0,0,0,,
7,AP,Andhra Pradesh,AP_Guntur,Guntur,417,94,315,8,0,0,0,0,,
8,AP,Andhra Pradesh,AP_Krishna,Krishna,382,104,263,15,0,0,0,0,,
9,AP,Andhra Pradesh,AP_Kurnool,Kurnool,615,162,433,20,0,-1,0,1,,
0,AP,Andhra Pradesh,AP_Other State,Other State,150,125,25,0,0,0,0,0,,
10,AP,Andhra Pradesh,AP_Prakasam,Prakasam,66,3,63,0,0,0,0,0,,
11,AP,Andhra Pradesh,AP_S.P.S. Nellore,S.P.S. Nellore,157,60,94,3,0,0,0,0,,
12,AP,Andhra Pradesh,AP_Srikakulam,Srikakulam,14,10,4,0,0,0,0,0,,
13,AP,Andhra Pradesh,AP_Visakhapatnam,Visakhapatnam,76,38,37,1,0,0,0,0,,
14,AP,Andhra Pradesh,AP_Vizianagaram,Vizianagaram,8,8,0,0,0,0,0,0,,
15,AP,Andhra Pradesh,AP_West Godavari,West Godavari,72,21,51,0,0,0,0,0,,
16,AP,Andhra Pradesh,AP_Y.S.R. Kadapa,Y.S.R. Kadapa,104,35,69,0,0,0,0,0,,
17,AR,Arunachal Pradesh,AR_Anjaw,Anjaw,0,0,0,0,0,0,0,0,,
18,AR,Arunachal Pradesh,AR_Changlang,Changlang,0,0,0,0,0,0,0,0,,
19,AR,Arunachal Pradesh,AR_East Kameng,East Kameng,0,0,0,0,0,0,0,0,,
20,AR,Arunachal Pradesh,AR_East Siang,East Siang,0,0,0,0,0,0,0,0,,
21,AR,Arunachal Pradesh,AR_Kamle,Kamle,0,0,0,0,0,0,0,0,,
22,AR,Arunachal Pradesh,AR_Kra Daadi,Kra Daadi,0,0,0,0,0,0,0,0,,
23,AR,Arunachal Pradesh,AR_Kurung Kumey,Kurung Kumey,0,0,0,0,0,0,0,0,,
24,AR,Arunachal Pradesh,AR_Lepa Rada,Lepa Rada,0,0,0,0,0,0,0,0,,
25,AR,Arunachal Pradesh,AR_Lohit,Lohit,1,0,1,0,0,0,0,0,,
26,AR,Arunachal Pradesh,AR_Longding,Longding,0,0,0,0,0,0,0,0,,
27,AR,Arunachal Pradesh,AR_Lower Dibang Valley,Lower Dibang Valley,0,0,0,0,0,0,0,0,,
28,AR,Arunachal Pradesh,AR_Lower Siang,Lower Siang,0,0,0,0,0,0,0,0,,
29,AR,Arunachal Pradesh,AR_Lower Subansiri,Lower Subansiri,0,0,0,0,0,0,0,0,,
30,AR,Arunachal Pradesh,AR_Namsai,Namsai,0,0,0,0,0,0,0,0,,
31,AR,Arunachal Pradesh,AR_Pakke Kessang,Pakke Kessang,0,0,0,0,0,0,0,0,,
32,AR,Arunachal Pradesh,AR_Papum Pare,Papum Pare,0,0,0,0,0,0,0,0,,
33,AR,Arunachal Pradesh,AR_Shi Yomi,Shi Yomi,0,0,0,0,0,0,0,0,,
34,AR,Arunachal Pradesh,AR_Siang,Siang,0,0,0,0,0,0,0,0,,
35,AR,Arunachal Pradesh,AR_Tawang,Tawang,0,0,0,0,0,0,0,0,,
36,AR,Arunachal Pradesh,AR_Tirap,Tirap,0,0,0,0,0,0,0,0,,
37,AR,Arunachal Pradesh,AR_Upper Dibang Valley,Upper Dibang Valley,0,0,0,0,0,0,0,0,,
38,AR,Arunachal Pradesh,AR_Upper Siang,Upper Siang,0,0,0,0,0,0,0,0,,
39,AR,Arunachal Pradesh,AR_Upper Subansiri,Upper Subansiri,0,0,0,0,0,0,0,0,,
40,AR,Arunachal Pradesh,AR_West Kameng,West Kameng,0,0,0,0,0,0,0,0,,
41,AR,Arunachal Pradesh,AR_West Siang,West Siang,0,0,0,0,0,0,0,0,,
42,AS,Assam,AS_Baksa,Baksa,0,0,0,0,0,0,0,0,,
43,AS,Assam,AS_Barpeta,Barpeta,0,0,0,0,0,0,0,0,,
44,AS,Assam,AS_Biswanath,Biswanath,2,2,0,0,2,2,0,0,,
45,AS,Assam,AS_Bongaigaon,Bongaigaon,5,0,5,0,0,0,0,0,,
46,AS,Assam,AS_Cachar,Cachar,14,12,2,0,0,0,0,0,,
47,AS,Assam,AS_Charaideo,Charaideo,0,0,0,0,0,0,0,0,,
48,AS,Assam,AS_Chirang,Chirang,0,0,0,0,0,0,0,0,,
49,AS,Assam,AS_Darrang,Darrang,0,0,0,0,0,0,0,0,,
50,AS,Assam,AS_Dhemaji,Dhemaji,0,0,0,0,0,0,0,0,,
51,AS,Assam,AS_Dhubri,Dhubri,5,0,5,0,0,0,0,0,,
52,AS,Assam,AS_Dibrugarh,Dibrugarh,0,0,0,0,0,0,0,0,,
53,AS,Assam,AS_Dima Hasao,Dima Hasao,0,0,0,0,0,0,0,0,,
54,AS,Assam,AS_Goalpara,Goalpara,6,2,4,0,0,0,0,0,,
55,AS,Assam,AS_Golaghat,Golaghat,15,6,9,0,2,2,0,0,,
56,AS,Assam,AS_Hailakandi,Hailakandi,1,0,0,1,0,0,0,0,,
57,AS,Assam,AS_Hojai,Hojai,2,2,0,0,2,2,0,0,,
58,AS,Assam,AS_Jorhat,Jorhat,8,8,0,0,2,2,0,0,,
59,AS,Assam,AS_Kamrup,Kamrup,9,8,1,0,7,7,0,0,,
60,AS,Assam,AS_Kamrup Metropolitan,Kamrup Metropolitan,50,47,1,2,4,4,0,0,,
61,AS,Assam,AS_Karbi Anglong,Karbi Anglong,0,0,0,0,0,0,0,0,,
62,AS,Assam,AS_Karimganj,Karimganj,4,3,1,0,2,2,0,0,,
63,AS,Assam,AS_Kokrajhar,Kokrajhar,2,2,0,0,1,1,0,0,,
64,AS,Assam,AS_Lakhimpur,Lakhimpur,1,0,1,0,0,0,0,0,,
65,AS,Assam,AS_Majuli,Majuli,0,0,0,0,0,0,0,0,,
66,AS,Assam,AS_Morigaon,Morigaon,6,0,6,0,0,0,0,0,,
67,AS,Assam,AS_Nagaon,Nagaon,2,2,0,0,2,2,0,0,,
68,AS,Assam,AS_Nalbari,Nalbari,6,2,4,0,2,2,0,0,,
0,AS,Assam,AS_Other State,Other State,1,0,1,0,0,0,0,0,,
69,AS,Assam,AS_Sivasagar,Sivasagar,1,1,0,0,0,0,0,0,,
70,AS,Assam,AS_Sonitpur,Sonitpur,1,1,0,0,0,0,0,0,,
71,AS,Assam,AS_South Salmara Mankachar,South Salmara Mankachar,1,0,1,0,0,0,0,0,,
72,AS,Assam,AS_Tinsukia,Tinsukia,0,0,0,0,0,0,0,0,,
73,AS,Assam,AS_Udalguri,Udalguri,0,0,0,0,0,0,0,0,,
74,AS,Assam,AS_West Karbi Anglong,West Karbi Anglong,0,0,0,0,0,0,0,0,,
75,BR,Bihar,BR_Araria,Araria,4,3,1,0,0,0,0,0,,
76,BR,Bihar,BR_Arwal,Arwal,17,13,4,0,3,3,0,0,,
77,BR,Bihar,BR_Aurangabad,Aurangabad,26,14,12,0,4,4,0,0,,
78,BR,Bihar,BR_Banka,Banka,40,39,1,0,0,0,0,0,,
79,BR,Bihar,BR_Begusarai,Begusarai,82,62,20,0,12,12,0,0,,
80,BR,Bihar,BR_Bhagalpur,Bhagalpur,47,35,12,0,5,5,0,0,,
81,BR,Bihar,BR_Bhojpur,Bhojpur,38,20,18,0,0,0,0,0,,
82,BR,Bihar,BR_Buxar,Buxar,64,8,56,0,2,2,0,0,,
83,BR,Bihar,BR_Darbhanga,Darbhanga,16,11,5,0,0,0,0,0,,
101,BR,Bihar,BR_East Champaran,East Champaran,19,9,9,1,0,0,0,0,,
84,BR,Bihar,BR_Gaya,Gaya,11,5,6,0,3,3,0,0,,
85,BR,Bihar,BR_Gopalganj,Gopalganj,63,45,18,0,0,0,0,0,,
86,BR,Bihar,BR_Jamui,Jamui,15,15,0,0,1,1,0,0,,
87,BR,Bihar,BR_Jehanabad,Jehanabad,58,53,5,0,31,31,0,0,,
88,BR,Bihar,BR_Kaimur,Kaimur,44,12,32,0,7,7,0,0,,
89,BR,Bihar,BR_Katihar,Katihar,34,26,8,0,13,13,0,0,,
90,BR,Bihar,BR_Khagaria,Khagaria,55,54,0,1,0,0,0,0,,
91,BR,Bihar,BR_Kishanganj,Kishanganj,14,13,1,0,0,0,0,0,,
92,BR,Bihar,BR_Lakhisarai,Lakhisarai,14,9,5,0,0,0,0,0,,
93,BR,Bihar,BR_Madhepura,Madhepura,20,18,2,0,2,2,0,0,,
94,BR,Bihar,BR_Madhubani,Madhubani,73,60,13,0,0,0,0,0,,
95,BR,Bihar,BR_Munger,Munger,133,40,92,1,0,0,0,0,,
96,BR,Bihar,BR_Muzaffarpur,Muzaffarpur,30,27,3,0,0,0,0,0,,
97,BR,Bihar,BR_Nalanda,Nalanda,72,34,38,0,0,0,0,0,,
98,BR,Bihar,BR_Nawada,Nawada,41,37,4,0,4,4,0,0,,
100,BR,Bihar,BR_Patna,Patna,167,123,42,2,2,2,0,0,,
102,BR,Bihar,BR_Purnia,Purnia,31,29,2,0,0,0,0,0,,
103,BR,Bihar,BR_Rohtas,Rohtas,91,42,48,1,0,0,0,0,,
104,BR,Bihar,BR_Saharsa,Saharsa,22,22,0,0,0,0,0,0,,
105,BR,Bihar,BR_Samastipur,Samastipur,16,15,1,0,1,1,0,0,,
106,BR,Bihar,BR_Saran,Saran,14,6,8,0,0,0,0,0,,
107,BR,Bihar,BR_Sheikhpura,Sheikhpura,24,24,0,0,2,2,0,0,,
108,BR,Bihar,BR_Sheohar,Sheohar,5,2,3,0,0,0,0,0,,
109,BR,Bihar,BR_Sitamarhi,Sitamarhi,9,5,3,1,0,0,0,0,,
110,BR,Bihar,BR_Siwan,Siwan,45,13,32,0,0,0,0,0,,
111,BR,Bihar,BR_Supaul,Supaul,25,25,0,0,4,4,0,0,,
112,BR,Bihar,BR_Vaishali,Vaishali,15,11,2,2,0,0,0,0,,
99,BR,Bihar,BR_West Champaran,West Champaran,25,14,11,0,0,0,0,0,,
113,CH,Chandigarh,CH_Chandigarh,Chandigarh,199,139,57,3,3,0,3,0,,
114,CT,Chhattisgarh,CT_Balod,Balod,11,11,0,0,0,0,0,0,,
115,CT,Chhattisgarh,CT_Baloda Bazar,Baloda Bazar,6,6,0,0,0,0,0,0,,
116,CT,Chhattisgarh,CT_Balrampur,Balrampur,0,0,0,0,0,0,0,0,,
117,CT,Chhattisgarh,CT_Bametara,Bametara,0,0,0,0,0,0,0,0,,
118,CT,Chhattisgarh,CT_Bastar,Bastar,0,0,0,0,0,0,0,0,,
119,CT,Chhattisgarh,CT_Bijapur,Bijapur,0,0,0,0,0,0,0,0,,
120,CT,Chhattisgarh,CT_Bilaspur,Bilaspur,1,0,1,0,0,0,0,0,,
121,CT,Chhattisgarh,CT_Dakshin Bastar Dantewada,Dakshin Bastar Dantewada,0,0,0,0,0,0,0,0,,
122,CT,Chhattisgarh,CT_Dhamtari,Dhamtari,0,0,0,0,0,0,0,0,,
123,CT,Chhattisgarh,CT_Durg,Durg,10,0,10,0,0,0,0,0,,
124,CT,Chhattisgarh,CT_Gariaband,Gariaband,1,1,0,0,0,0,0,0,,
125,CT,Chhattisgarh,CT_Janjgir Champa,Janjgir Champa,11,11,0,0,0,0,0,0,,
126,CT,Chhattisgarh,CT_Jashpur,Jashpur,0,0,0,0,0,0,0,0,,
127,CT,Chhattisgarh,CT_Kabeerdham,Kabeerdham,8,2,6,0,0,0,0,0,,
128,CT,Chhattisgarh,CT_Kondagaon,Kondagaon,0,0,0,0,0,0,0,0,,
129,CT,Chhattisgarh,CT_Korba,Korba,28,0,28,0,0,0,0,0,,
130,CT,Chhattisgarh,CT_Koriya,Koriya,1,1,0,0,0,0,0,0,,
131,CT,Chhattisgarh,CT_Mahasamund,Mahasamund,0,0,0,0,0,0,0,0,,
132,CT,Chhattisgarh,CT_Mungeli,Mungeli,0,0,0,0,0,0,0,0,,
133,CT,Chhattisgarh,CT_Narayanpur,Narayanpur,0,0,0,0,0,0,0,0,,
134,CT,Chhattisgarh,CT_Raigarh,Raigarh,2,2,0,0,0,0,0,0,,
135,CT,Chhattisgarh,CT_Raipur,Raipur,7,0,7,0,0,0,0,0,,
136,CT,Chhattisgarh,CT_Rajnandgaon,Rajnandgaon,1,0,1,0,0,0,0,0,,
137,CT,Chhattisgarh,CT_Sukma,Sukma,0,0,0,0,0,0,0,0,,
138,CT,Chhattisgarh,CT_Surajpur,Surajpur,7,1,6,0,0,0,0,0,,
139,CT,Chhattisgarh,CT_Surguja,Surguja,1,1,0,0,0,0,0,0,,
140,CT,Chhattisgarh,CT_Uttar Bastar Kanker,Uttar Bastar Kanker,0,0,0,0,0,0,0,0,,
144,DL,Delhi,DL_Central Delhi,Central Delhi,184,184,0,0,0,0,0,0,,
145,DL,Delhi,DL_East Delhi,East Delhi,38,38,0,0,0,0,0,0,,
146,DL,Delhi,DL_New Delhi,New Delhi,37,37,0,0,0,0,0,0,,
147,DL,Delhi,DL_North Delhi,North Delhi,60,60,0,0,0,0,0,0,,
148,DL,Delhi,DL_North East Delhi,North East Delhi,25,25,0,0,0,0,0,0,,
149,DL,Delhi,DL_North West Delhi,North West Delhi,32,31,0,1,0,0,0,0,,
150,DL,Delhi,DL_Shahdara,Shahdara,48,48,0,0,0,0,0,0,,
151,DL,Delhi,DL_South Delhi,South Delhi,70,70,0,0,0,0,0,0,,
152,DL,Delhi,DL_South East Delhi,South East Delhi,130,130,0,0,0,0,0,0,,
153,DL,Delhi,DL_South West Delhi,South West Delhi,42,42,0,0,0,0,0,0,,
154,DL,Delhi,DL_West Delhi,West Delhi,122,122,0,0,0,0,0,0,,
141,DN,Dadra and Nagar Haveli and Daman and Diu,DN_Dadra and Nagar Haveli,Dadra and Nagar Haveli,1,0,1,0,0,0,0,0,,
142,DN,Dadra and Nagar Haveli and Daman and Diu,DN_Daman,Daman,0,0,0,0,0,0,0,0,,
143,DN,Dadra and Nagar Haveli and Daman and Diu,DN_Diu,Diu,0,0,0,0,0,0,0,0,,
155,GA,Goa,GA_North Goa,North Goa,6,0,6,0,0,0,0,0,,
156,GA,Goa,GA_South Goa,South Goa,18,17,1,0,0,0,0,0,,
0,GJ,Gujarat,GJ_Other State,Other State,1,1,0,0,0,0,0,0,,
157,GJ,Gujarat,GJ_Ahmedabad,Ahmedabad,8945,5346,3023,576,262,59,182,21,,
158,GJ,Gujarat,GJ_Amreli,Amreli,2,2,0,0,0,0,0,0,,
159,GJ,Gujarat,GJ_Anand,Anand,83,1,74,8,0,0,0,0,,
160,GJ,Gujarat,GJ_Aravalli,Aravalli,82,4,75,3,1,-2,2,1,,
161,GJ,Gujarat,GJ_Banaskantha,Banaskantha,86,5,77,4,3,-1,4,0,,
162,GJ,Gujarat,GJ_Bharuch,Bharuch,36,8,25,3,4,4,0,0,,
163,GJ,Gujarat,GJ_Bhavnagar,Bhavnagar,114,31,75,8,2,2,0,0,,
164,GJ,Gujarat,GJ_Botad,Botad,56,4,51,1,0,-2,2,0,,
165,GJ,Gujarat,GJ_Chhota Udaipur,Chhota Udaipur,22,8,14,0,1,1,0,0,,
167,GJ,Gujarat,GJ_Dahod,Dahod,28,12,16,0,0,0,0,0,,
187,GJ,Gujarat,GJ_Dang,Dang,2,0,2,0,0,0,0,0,,
166,GJ,Gujarat,GJ_Devbhumi Dwarka,Devbhumi Dwarka,12,10,2,0,0,0,0,0,,
168,GJ,Gujarat,GJ_Gandhinagar,Gandhinagar,190,111,72,7,10,5,4,1,,
169,GJ,Gujarat,GJ_Gir Somnath,Gir Somnath,28,25,3,0,3,3,0,0,,
170,GJ,Gujarat,GJ_Jamnagar,Jamnagar,42,18,22,2,7,3,4,0,,
171,GJ,Gujarat,GJ_Junagadh,Junagadh,12,9,3,0,3,2,1,0,,
173,GJ,Gujarat,GJ_Kheda,Kheda,51,25,25,1,4,3,1,0,,
172,GJ,Gujarat,GJ_Kutch,Kutch,52,45,6,1,21,21,0,0,,
175,GJ,Gujarat,GJ_Mahisagar,Mahisagar,53,14,38,1,3,3,0,0,,
174,GJ,Gujarat,GJ_Mehsana,Mehsana,80,26,51,3,5,0,5,0,,
176,GJ,Gujarat,GJ_Morbi,Morbi,2,0,2,0,0,-1,1,0,,
177,GJ,Gujarat,GJ_Narmada,Narmada,13,1,12,0,0,0,0,0,,
178,GJ,Gujarat,GJ_Navsari,Navsari,8,0,8,0,0,0,0,0,,
179,GJ,Gujarat,GJ_Panchmahal,Panchmahal,71,11,54,6,0,-1,1,0,,
180,GJ,Gujarat,GJ_Patan,Patan,53,25,25,3,4,4,0,0,,
181,GJ,Gujarat,GJ_Porbandar,Porbandar,5,2,3,0,0,0,0,0,,
182,GJ,Gujarat,GJ_Rajkot,Rajkot,82,28,52,2,2,2,0,0,,
183,GJ,Gujarat,GJ_Sabarkantha,Sabarkantha,46,29,15,2,7,7,0,0,,
184,GJ,Gujarat,GJ_Surat,Surat,1156,343,758,55,29,13,14,2,,
185,GJ,Gujarat,GJ_Surendranagar,Surendranagar,10,7,3,0,5,3,2,0,,
186,GJ,Gujarat,GJ_Tapi,Tapi,3,1,2,0,1,1,0,0,,
188,GJ,Gujarat,GJ_Vadodara,Vadodara,700,217,451,32,18,2,16,0,,
189,GJ,Gujarat,GJ_Valsad,Valsad,15,10,4,1,0,0,0,0,,
212,HP,Himachal Pradesh,HP_Bilaspur,Bilaspur,7,7,0,0,0,0,0,0,,
213,HP,Himachal Pradesh,HP_Chamba,Chamba,13,5,8,0,0,0,0,0,,
214,HP,Himachal Pradesh,HP_Hamirpur,Hamirpur,15,12,3,0,0,0,0,0,,
215,HP,Himachal Pradesh,HP_Kangra,Kangra,21,12,8,1,0,-3,3,0,,
216,HP,Himachal Pradesh,HP_Kinnaur,Kinnaur,0,0,0,0,0,0,0,0,,
217,HP,Himachal Pradesh,HP_Kullu,Kullu,0,0,0,0,0,0,0,0,,
218,HP,Himachal Pradesh,HP_Lahaul and Spiti,Lahaul and Spiti,0,0,0,0,0,0,0,0,,
219,HP,Himachal Pradesh,HP_Mandi,Mandi,2,0,1,1,0,0,0,0,,
220,HP,Himachal Pradesh,HP_Shimla,Shimla,1,0,1,0,0,0,0,0,,
221,HP,Himachal Pradesh,HP_Sirmaur,Sirmaur,4,2,2,0,0,0,0,0,,
222,HP,Himachal Pradesh,HP_Solan,Solan,9,3,5,1,0,0,0,0,,
223,HP,Himachal Pradesh,HP_Una,Una,18,1,17,0,0,0,0,0,,
190,HR,Haryana,HR_Ambala,Ambala,42,0,40,2,0,0,0,0,,
191,HR,Haryana,HR_Bhiwani,Bhiwani,6,2,4,0,0,-1,1,0,,
192,HR,Haryana,HR_Charkhi Dadri,Charkhi Dadri,6,5,1,0,2,2,0,0,,
193,HR,Haryana,HR_Faridabad,Faridabad,163,71,86,6,13,4,9,0,,
194,HR,Haryana,HR_Fatehabad,Fatehabad,8,7,1,0,0,0,0,0,,
195,HR,Haryana,HR_Gurugram,Gurugram,220,106,114,0,9,9,0,0,,
196,HR,Haryana,HR_Hisar,Hisar,9,6,3,0,2,2,0,0,,
0,HR,Haryana,HR_Italians,Italians,14,0,14,0,0,0,0,0,,
197,HR,Haryana,HR_Jhajjar,Jhajjar,90,30,60,0,0,-7,7,0,,
198,HR,Haryana,HR_Jind,Jind,21,6,15,0,1,1,0,0,,
199,HR,Haryana,HR_Kaithal,Kaithal,5,2,3,0,0,-1,1,0,,
200,HR,Haryana,HR_Karnal,Karnal,20,10,9,1,1,1,0,0,,
201,HR,Haryana,HR_Kurukshetra,Kurukshetra,3,1,2,0,0,0,0,0,,
202,HR,Haryana,HR_Mahendragarh,Mahendragarh,10,6,4,0,2,2,0,0,,
203,HR,Haryana,HR_Nuh,Nuh,65,5,60,0,0,0,0,0,,
204,HR,Haryana,HR_Palwal,Palwal,40,4,36,0,1,1,0,0,,
205,HR,Haryana,HR_Panchkula,Panchkula,25,1,24,0,0,-1,1,0,,
206,HR,Haryana,HR_Panipat,Panipat,40,6,31,3,2,1,1,0,,
207,HR,Haryana,HR_Rewari,Rewari,9,9,0,0,0,0,0,0,,
208,HR,Haryana,HR_Rohtak,Rohtak,13,8,4,1,1,1,0,0,,
209,HR,Haryana,HR_Sirsa,Sirsa,8,0,8,0,0,-2,2,0,,
210,HR,Haryana,HR_Sonipat,Sonipat,139,45,93,1,2,2,0,0,,
211,HR,Haryana,HR_Yamunanagar,Yamunanagar,8,0,8,0,0,0,0,0,,
246,JH,Jharkhand,JH_Bokaro,Bokaro,10,0,9,1,0,0,0,0,,
247,JH,Jharkhand,JH_Chatra,Chatra,0,0,0,0,0,0,0,0,,
248,JH,Jharkhand,JH_Deoghar,Deoghar,5,1,4,0,0,0,0,0,,
249,JH,Jharkhand,JH_Dhanbad,Dhanbad,6,4,2,0,0,0,0,0,,
250,JH,Jharkhand,JH_Dumka,Dumka,2,0,2,0,0,0,0,0,,
264,JH,Jharkhand,JH_East Singhbhum,East Singhbhum,6,6,0,0,1,1,0,0,,
251,JH,Jharkhand,JH_Garhwa,Garhwa,29,26,3,0,0,0,0,0,,
252,JH,Jharkhand,JH_Giridih,Giridih,10,9,1,0,0,0,0,0,,
253,JH,Jharkhand,JH_Godda,Godda,1,0,1,0,0,0,0,0,,
254,JH,Jharkhand,JH_Gumla,Gumla,2,2,0,0,2,2,0,0,,
255,JH,Jharkhand,JH_Hazaribagh,Hazaribagh,32,29,3,0,6,6,0,0,,
256,JH,Jharkhand,JH_Jamtara,Jamtara,2,0,2,0,0,0,0,0,,
257,JH,Jharkhand,JH_Khunti,Khunti,0,0,0,0,0,0,0,0,,
258,JH,Jharkhand,JH_Koderma,Koderma,9,8,1,0,3,3,0,0,,
259,JH,Jharkhand,JH_Latehar,Latehar,4,4,0,0,3,3,0,0,,
260,JH,Jharkhand,JH_Lohardaga,Lohardaga,2,2,0,0,1,1,0,0,,
261,JH,Jharkhand,JH_Pakur,Pakur,0,0,0,0,0,0,0,0,,
262,JH,Jharkhand,JH_Palamu,Palamu,15,7,8,0,0,0,0,0,,
265,JH,Jharkhand,JH_Ramgarh,Ramgarh,3,3,0,0,1,1,0,0,,
266,JH,Jharkhand,JH_Ranchi,Ranchi,105,14,89,2,1,1,0,0,,
267,JH,Jharkhand,JH_Sahibganj,Sahibganj,0,0,0,0,0,0,0,0,,
268,JH,Jharkhand,JH_Saraikela-Kharsawan,Saraikela-Kharsawan,1,1,0,0,1,1,0,0,,
269,JH,Jharkhand,JH_Simdega,Simdega,3,1,2,0,1,1,0,0,,
263,JH,Jharkhand,JH_West Singhbhum,West Singhbhum,1,1,0,0,0,0,0,0,,
224,JK,Jammu and Kashmir,JK_Anantnag,Anantnag,247,157,87,3,11,-16,26,1,,
226,JK,Jammu and Kashmir,JK_Bandipora,Bandipora,137,8,128,1,0,0,0,0,,
227,JK,Jammu and Kashmir,JK_Baramulla,Baramulla,121,26,91,4,2,-9,10,1,,
225,JK,Jammu and Kashmir,JK_Budgam,Budgam,59,28,30,1,0,0,0,0,,
228,JK,Jammu and Kashmir,JK_Doda,Doda,1,1,0,0,0,0,0,0,,
229,JK,Jammu and Kashmir,JK_Ganderbal,Ganderbal,25,10,15,0,1,1,0,0,,
230,JK,Jammu and Kashmir,JK_Jammu,Jammu,47,17,29,1,0,-2,2,0,,
231,JK,Jammu and Kashmir,JK_Kathua,Kathua,36,35,1,0,2,2,0,0,,
232,JK,Jammu and Kashmir,JK_Kishtwar,Kishtwar,2,1,1,0,0,0,0,0,,
233,JK,Jammu and Kashmir,JK_Kulgam,Kulgam,166,156,9,1,7,7,0,0,,
234,JK,Jammu and Kashmir,JK_Kupwara,Kupwara,101,53,48,0,0,0,0,0,,
235,JK,Jammu and Kashmir,JK_Mirpur,Mirpur,0,0,0,0,0,0,0,0,,
236,JK,Jammu and Kashmir,JK_Muzaffarabad,Muzaffarabad,0,0,0,0,0,0,0,0,,
237,JK,Jammu and Kashmir,JK_Pulwama,Pulwama,18,12,6,0,1,1,0,0,,
238,JK,Jammu and Kashmir,JK_Punch,Punch,3,3,0,0,0,0,0,0,,
239,JK,Jammu and Kashmir,JK_Rajouri,Rajouri,8,4,4,0,1,1,0,0,,
240,JK,Jammu and Kashmir,JK_Ramban,Ramban,24,23,1,0,0,0,0,0,,
241,JK,Jammu and Kashmir,JK_Reasi,Reasi,3,2,1,0,0,0,0,0,,
242,JK,Jammu and Kashmir,JK_Samba,Samba,14,8,6,0,1,1,0,0,,
243,JK,Jammu and Kashmir,JK_Shopiyan,Shopiyan,109,34,75,0,0,0,0,0,,
244,JK,Jammu and Kashmir,JK_Srinagar,Srinagar,168,67,96,5,0,0,0,0,,
245,JK,Jammu and Kashmir,JK_Udhampur,Udhampur,28,8,19,1,2,2,0,0,,
270,KA,Karnataka,KA_Bagalkote,Bagalkote,76,36,39,1,5,5,0,0,,
271,KA,Karnataka,KA_Ballari,Ballari,19,5,13,1,0,-1,0,1,,
272,KA,Karnataka,KA_Belagavi,Belagavi,116,59,56,1,0,-2,2,0,,
274,KA,Karnataka,KA_Bengaluru Rural,Bengaluru Rural,6,0,6,0,0,0,0,0,,
273,KA,Karnataka,KA_Bengaluru Urban,Bengaluru Urban,246,115,123,8,6,4,1,1,,
275,KA,Karnataka,KA_Bidar,Bidar,57,34,21,2,1,-6,7,0,,
276,KA,Karnataka,KA_Chamarajanagara,Chamarajanagara,0,0,0,0,0,0,0,0,,
277,KA,Karnataka,KA_Chikkaballapura,Chikkaballapura,24,4,18,2,0,0,0,0,,
278,KA,Karnataka,KA_Chikkamagaluru,Chikkamagaluru,5,5,0,0,5,5,0,0,,
279,KA,Karnataka,KA_Chitradurga,Chitradurga,10,9,1,0,1,1,0,0,,
280,KA,Karnataka,KA_Dakshina Kannada,Dakshina Kannada,48,32,11,5,0,0,0,0,,
281,KA,Karnataka,KA_Davanagere,Davanagere,110,104,2,4,20,20,0,0,,
282,KA,Karnataka,KA_Dharwad,Dharwad,26,19,7,0,0,0,0,0,,
283,KA,Karnataka,KA_Gadag,Gadag,18,13,4,1,1,1,0,0,,
284,KA,Karnataka,KA_Hassan,Hassan,33,33,0,0,3,3,0,0,,
285,KA,Karnataka,KA_Haveri,Haveri,3,3,0,0,0,0,0,0,,
286,KA,Karnataka,KA_Kalaburagi,Kalaburagi,128,66,55,7,13,11,2,0,,
287,KA,Karnataka,KA_Kodagu,Kodagu,2,1,1,0,0,0,0,0,,
288,KA,Karnataka,KA_Kolar,Kolar,9,9,0,0,0,0,0,0,,
289,KA,Karnataka,KA_Koppal,Koppal,3,3,0,0,0,0,0,0,,
290,KA,Karnataka,KA_Mandya,Mandya,160,139,21,0,71,71,0,0,,
291,KA,Karnataka,KA_Mysuru,Mysuru,89,1,88,0,0,0,0,0,,
0,KA,Karnataka,KA_Other State,Other State,22,1,20,1,0,0,0,0,,
292,KA,Karnataka,KA_Raichur,Raichur,7,7,0,0,1,1,0,0,,
293,KA,Karnataka,KA_Ramanagara,Ramanagara,0,0,0,0,0,0,0,0,,
294,KA,Karnataka,KA_Shivamogga,Shivamogga,26,26,0,0,12,12,0,0,,
295,KA,Karnataka,KA_Tumakuru,Tumakuru,11,4,5,2,0,0,0,0,,
296,KA,Karnataka,KA_Udupi,Udupi,15,11,3,1,4,4,0,0,,
297,KA,Karnataka,KA_Uttara Kannada,Uttara Kannada,55,43,12,0,4,3,1,0,,
298,KA,Karnataka,KA_Vijayapura,Vijayapura,60,19,37,4,1,0,0,1,,
299,KA,Karnataka,KA_Yadgir,Yadgir,11,11,0,0,1,1,0,0,,
300,KL,Kerala,KL_Alappuzha,Alappuzha,10,5,5,0,1,1,0,0,,
301,KL,Kerala,KL_Ernakulam,Ernakulam,29,5,23,1,0,0,0,0,,
302,KL,Kerala,KL_Idukki,Idukki,24,1,23,0,0,0,0,0,,
303,KL,Kerala,KL_Kannur,Kannur,129,13,115,1,5,5,0,0,,
304,KL,Kerala,KL_Kasaragod,Kasaragod,197,18,179,0,0,0,0,0,,
305,KL,Kerala,KL_Kollam,Kollam,28,8,20,0,0,0,0,0,,
306,KL,Kerala,KL_Kottayam,Kottayam,25,4,21,0,0,0,0,0,,
307,KL,Kerala,KL_Kozhikode,Kozhikode,36,12,24,0,0,0,0,0,,
308,KL,Kerala,KL_Malappuram,Malappuram,51,27,23,1,3,3,0,0,,
309,KL,Kerala,KL_Palakkad,Palakkad,26,13,13,0,1,1,0,0,,
310,KL,Kerala,KL_Pathanamthitta,Pathanamthitta,22,5,17,0,1,1,0,0,,
311,KL,Kerala,KL_Thiruvananthapuram,Thiruvananthapuram,20,3,16,1,0,0,0,0,,
312,KL,Kerala,KL_Thrissur,Thrissur,25,12,13,0,1,1,0,0,,
313,KL,Kerala,KL_Wayanad,Wayanad,21,16,5,0,0,0,0,0,,
314,LA,Ladakh,LA_Kargil,Kargil,9,0,9,0,0,0,0,0,,
315,LA,Ladakh,LA_Leh,Leh,34,0,34,0,0,0,0,0,,
316,LD,Lakshadweep,LD_Lakshadweep,Lakshadweep,0,0,0,0,0,0,0,0,,
369,MH,Maharashtra,MH_Ahmednagar,Ahmednagar,84,44,35,5,0,0,0,0,,
370,MH,Maharashtra,MH_Akola,Akola,274,147,113,14,0,0,0,0,,
371,MH,Maharashtra,MH_Amravati,Amravati,115,39,62,14,0,0,0,0,,
372,MH,Maharashtra,MH_Aurangabad,Aurangabad,974,643,298,33,0,0,0,0,,
374,MH,Maharashtra,MH_Beed,Beed,3,2,1,0,0,0,0,0,,
373,MH,Maharashtra,MH_Bhandara,Bhandara,3,2,1,0,0,0,0,0,,
375,MH,Maharashtra,MH_Buldhana,Buldhana,30,5,24,1,0,0,0,0,,
376,MH,Maharashtra,MH_Chandrapur,Chandrapur,5,3,2,0,0,0,0,0,,
377,MH,Maharashtra,MH_Dhule,Dhule,83,37,38,8,0,0,0,0,,
378,MH,Maharashtra,MH_Gadchiroli,Gadchiroli,0,0,0,0,0,0,0,0,,
379,MH,Maharashtra,MH_Gondia,Gondia,1,0,1,0,0,0,0,0,,
380,MH,Maharashtra,MH_Hingoli,Hingoli,104,18,86,0,0,0,0,0,,
381,MH,Maharashtra,MH_Jalgaon,Jalgaon,292,182,77,33,0,0,0,0,,
382,MH,Maharashtra,MH_Jalna,Jalna,36,29,7,0,0,0,0,0,,
383,MH,Maharashtra,MH_Kolhapur,Kolhapur,52,40,11,1,0,0,0,0,,
384,MH,Maharashtra,MH_Latur,Latur,50,26,22,2,0,0,0,0,,
385,MH,Maharashtra,MH_Mumbai,Mumbai,21335,16848,3730,757,0,0,0,0,,
386,MH,Maharashtra,MH_Mumbai Suburban,Mumbai Suburban,0,0,0,0,0,0,0,0,,
387,MH,Maharashtra,MH_Nagpur,Nagpur,375,183,188,4,0,0,0,0,,
388,MH,Maharashtra,MH_Nanded,Nanded,78,45,29,4,0,0,0,0,,
389,MH,Maharashtra,MH_Nandurbar,Nandurbar,25,3,20,2,0,0,0,0,,
390,MH,Maharashtra,MH_Nashik,Nashik,857,272,550,35,0,0,0,0,,
391,MH,Maharashtra,MH_Osmanabad,Osmanabad,11,8,3,0,0,0,0,0,,
0,MH,Maharashtra,MH_Other State,Other State,43,32,0,11,0,0,0,0,,
392,MH,Maharashtra,MH_Palghar,Palghar,437,284,139,14,0,0,0,0,,
393,MH,Maharashtra,MH_Parbhani,Parbhani,7,5,1,1,0,0,0,0,,
394,MH,Maharashtra,MH_Pune,Pune,4071,2190,1676,205,0,0,0,0,,
395,MH,Maharashtra,MH_Raigad,Raigad,472,357,99,16,0,0,0,0,,
396,MH,Maharashtra,MH_Ratnagiri,Ratnagiri,101,83,15,3,0,0,0,0,,
397,MH,Maharashtra,MH_Sangli,Sangli,53,21,31,1,0,0,0,0,,
398,MH,Maharashtra,MH_Satara,Satara,140,70,68,2,0,0,0,0,,
399,MH,Maharashtra,MH_Sindhudurg,Sindhudurg,10,6,4,0,0,0,0,0,,
400,MH,Maharashtra,MH_Solapur,Solapur,429,259,145,25,0,0,0,0,,
401,MH,Maharashtra,MH_Thane,Thane,4402,3473,872,57,0,0,0,0,,
402,MH,Maharashtra,MH_Wardha,Wardha,3,2,0,1,0,0,0,0,,
403,MH,Maharashtra,MH_Washim,Washim,3,2,1,0,0,0,0,0,,
404,MH,Maharashtra,MH_Yavatmal,Yavatmal,100,12,88,0,0,0,0,0,,
421,ML,Meghalaya,ML_East Garo Hills,East Garo Hills,0,0,0,0,0,0,0,0,,
422,ML,Meghalaya,ML_East Jaintia Hills,East Jaintia Hills,0,0,0,0,0,0,0,0,,
423,ML,Meghalaya,ML_East Khasi Hills,East Khasi Hills,13,0,12,1,0,0,0,0,,
424,ML,Meghalaya,ML_North Garo Hills,North Garo Hills,0,0,0,0,0,0,0,0,,
425,ML,Meghalaya,ML_Ribhoi,Ribhoi,0,0,0,0,0,0,0,0,,
426,ML,Meghalaya,ML_South Garo Hills,South Garo Hills,0,0,0,0,0,0,0,0,,
427,ML,Meghalaya,ML_South West Garo Hills,South West Garo Hills,0,0,0,0,0,0,0,0,,
428,ML,Meghalaya,ML_South West Khasi Hills,South West Khasi Hills,0,0,0,0,0,0,0,0,,
429,ML,Meghalaya,ML_West Garo Hills,West Garo Hills,0,0,0,0,0,0,0,0,,
430,ML,Meghalaya,ML_West Jaintia Hills,West Jaintia Hills,0,0,0,0,0,0,0,0,,
431,ML,Meghalaya,ML_West Khasi Hills,West Khasi Hills,0,0,0,0,0,0,0,0,,
405,MN,Manipur,MN_Bishnupur,Bishnupur,0,0,0,0,0,0,0,0,,
406,MN,Manipur,MN_Chandel,Chandel,0,0,0,0,0,0,0,0,,
407,MN,Manipur,MN_Churachandpur,Churachandpur,1,1,0,0,0,0,0,0,,
408,MN,Manipur,MN_Imphal East,Imphal East,3,2,1,0,0,0,0,0,,
409,MN,Manipur,MN_Imphal West,Imphal West,3,2,1,0,0,0,0,0,,
410,MN,Manipur,MN_Jiribam,Jiribam,0,0,0,0,0,0,0,0,,
411,MN,Manipur,MN_Kakching,Kakching,0,0,0,0,0,0,0,0,,
412,MN,Manipur,MN_Kamjong,Kamjong,0,0,0,0,0,0,0,0,,
413,MN,Manipur,MN_Kangpokpi,Kangpokpi,0,0,0,0,0,0,0,0,,
414,MN,Manipur,MN_Noney,Noney,0,0,0,0,0,0,0,0,,
415,MN,Manipur,MN_Pherzawl,Pherzawl,0,0,0,0,0,0,0,0,,
416,MN,Manipur,MN_Senapati,Senapati,0,0,0,0,0,0,0,0,,
417,MN,Manipur,MN_Tamenglong,Tamenglong,0,0,0,0,0,0,0,0,,
418,MN,Manipur,MN_Tengnoupal,Tengnoupal,0,0,0,0,0,0,0,0,,
419,MN,Manipur,MN_Thoubal,Thoubal,0,0,0,0,0,0,0,0,,
420,MN,Manipur,MN_Ukhrul,Ukhrul,0,0,0,0,0,0,0,0,,
317,MP,Madhya Pradesh,MP_Agar Malwa,Agar Malwa,13,0,12,1,0,0,0,0,,
318,MP,Madhya Pradesh,MP_Alirajpur,Alirajpur,3,0,3,0,0,0,0,0,,
319,MP,Madhya Pradesh,MP_Anuppur,Anuppur,3,0,3,0,0,0,0,0,,
320,MP,Madhya Pradesh,MP_Ashoknagar,Ashoknagar,3,2,0,1,0,0,0,0,,
321,MP,Madhya Pradesh,MP_Balaghat,Balaghat,0,0,0,0,0,0,0,0,,
322,MP,Madhya Pradesh,MP_Barwani,Barwani,33,7,26,0,2,2,0,0,,
323,MP,Madhya Pradesh,MP_Betul,Betul,9,8,1,0,6,6,0,0,,
324,MP,Madhya Pradesh,MP_Bhind,Bhind,25,25,0,0,6,6,0,0,,
325,MP,Madhya Pradesh,MP_Bhopal,Bhopal,1046,375,632,39,16,-52,68,0,,
326,MP,Madhya Pradesh,MP_Burhanpur,Burhanpur,194,150,33,11,42,23,19,0,,
327,MP,Madhya Pradesh,MP_Chhatarpur,Chhatarpur,0,0,0,0,0,0,0,0,,
328,MP,Madhya Pradesh,MP_Chhindwara,Chhindwara,5,0,4,1,0,0,0,0,,
329,MP,Madhya Pradesh,MP_Damoh,Damoh,1,1,0,0,0,0,0,0,,
330,MP,Madhya Pradesh,MP_Datia,Datia,3,3,0,0,0,0,0,0,,
331,MP,Madhya Pradesh,MP_Dewas,Dewas,63,28,27,8,0,-6,5,1,,
332,MP,Madhya Pradesh,MP_Dhar,Dhar,107,26,79,2,1,-8,9,0,,
333,MP,Madhya Pradesh,MP_Dindori,Dindori,4,3,1,0,2,2,0,0,,
335,MP,Madhya Pradesh,MP_Guna,Guna,1,1,0,0,0,0,0,0,,
336,MP,Madhya Pradesh,MP_Gwalior,Gwalior,72,51,20,1,7,3,4,0,,
337,MP,Madhya Pradesh,MP_Harda,Harda,3,0,3,0,0,0,0,0,,
338,MP,Madhya Pradesh,MP_Hoshangabad,Hoshangabad,37,1,33,3,0,0,0,0,,
339,MP,Madhya Pradesh,MP_Indore,Indore,2637,1376,1158,103,72,31,39,2,,
340,MP,Madhya Pradesh,MP_Jabalpur,Jabalpur,184,74,101,9,2,-5,6,1,,
341,MP,Madhya Pradesh,MP_Jhabua,Jhabua,11,9,1,1,4,3,0,1,,
342,MP,Madhya Pradesh,MP_Katni,Katni,0,0,0,0,0,0,0,0,,
334,MP,Madhya Pradesh,MP_Khandwa,Khandwa,186,122,55,9,21,6,14,1,,
368,MP,Madhya Pradesh,MP_Khargone,Khargone,114,24,82,8,15,-2,17,0,,
343,MP,Madhya Pradesh,MP_Mandla,Mandla,1,1,0,0,0,0,0,0,,
344,MP,Madhya Pradesh,MP_Mandsaur,Mandsaur,60,25,30,5,0,-3,3,0,,
345,MP,Madhya Pradesh,MP_Morena,Morena,38,16,22,0,4,4,0,0,,
346,MP,Madhya Pradesh,MP_Narsinghpur,Narsinghpur,0,0,0,0,0,0,0,0,,
347,MP,Madhya Pradesh,MP_Neemuch,Neemuch,50,40,9,1,0,0,0,0,,
348,MP,Madhya Pradesh,MP_Niwari,Niwari,0,0,0,0,0,0,0,0,,
0,MP,Madhya Pradesh,MP_Other Region,Other Region,0,0,0,0,0,0,0,0,,
349,MP,Madhya Pradesh,MP_Panna,Panna,2,1,1,0,0,0,0,0,,
350,MP,Madhya Pradesh,MP_Raisen,Raisen,67,5,59,3,2,-1,3,0,,
351,MP,Madhya Pradesh,MP_Rajgarh,Rajgarh,1,1,0,0,1,1,0,0,,
352,MP,Madhya Pradesh,MP_Ratlam,Ratlam,28,2,26,0,0,-3,3,0,,
353,MP,Madhya Pradesh,MP_Rewa,Rewa,14,13,1,0,0,0,0,0,,
354,MP,Madhya Pradesh,MP_Sagar,Sagar,23,17,5,1,2,2,0,0,,
355,MP,Madhya Pradesh,MP_Satna,Satna,9,8,0,1,1,1,0,0,,
356,MP,Madhya Pradesh,MP_Sehore,Sehore,5,4,0,1,0,0,0,0,,
357,MP,Madhya Pradesh,MP_Seoni,Seoni,1,1,0,0,0,0,0,0,,
358,MP,Madhya Pradesh,MP_Shahdol,Shahdol,3,0,3,0,0,0,0,0,,
359,MP,Madhya Pradesh,MP_Shajapur,Shajapur,8,0,7,1,0,0,0,0,,
360,MP,Madhya Pradesh,MP_Sheopur,Sheopur,5,1,4,0,1,1,0,0,,
361,MP,Madhya Pradesh,MP_Shivpuri,Shivpuri,3,1,2,0,0,0,0,0,,
362,MP,Madhya Pradesh,MP_Sidhi,Sidhi,5,5,0,0,1,1,0,0,,
363,MP,Madhya Pradesh,MP_Singrauli,Singrauli,1,1,0,0,1,1,0,0,,
364,MP,Madhya Pradesh,MP_Tikamgarh,Tikamgarh,6,3,3,0,1,1,0,0,,
365,MP,Madhya Pradesh,MP_Ujjain,Ujjain,362,142,172,48,19,13,6,0,,
366,MP,Madhya Pradesh,MP_Umaria,Umaria,1,1,0,0,0,0,0,0,,
367,MP,Madhya Pradesh,MP_Vidisha,Vidisha,15,2,13,0,0,0,0,0,,
432,MZ,Mizoram,MZ_Aizawl,Aizawl,1,0,1,0,0,0,0,0,,
433,MZ,Mizoram,MZ_Champhai,Champhai,0,0,0,0,0,0,0,0,,
729,MZ,Mizoram,MZ_Hnahthial,Hnahthial,0,0,0,0,0,0,0,0,,
730,MZ,Mizoram,MZ_Khawzawl,Khawzawl,0,0,0,0,0,0,0,0,,
434,MZ,Mizoram,MZ_Kolasib,Kolasib,0,0,0,0,0,0,0,0,,
435,MZ,Mizoram,MZ_Lawngtlai,Lawngtlai,0,0,0,0,0,0,0,0,,
436,MZ,Mizoram,MZ_Lunglei,Lunglei,0,0,0,0,0,0,0,0,,
437,MZ,Mizoram,MZ_Mamit,Mamit,0,0,0,0,0,0,0,0,,
438,MZ,Mizoram,MZ_Saiha,Saiha,0,0,0,0,0,0,0,0,,
728,MZ,Mizoram,MZ_Saitual,Saitual,0,0,0,0,0,0,0,0,,
439,MZ,Mizoram,MZ_Serchhip,Serchhip,0,0,0,0,0,0,0,0,,
440,NL,Nagaland,NL_Dimapur,Dimapur,0,0,0,0,0,0,0,0,,
441,NL,Nagaland,NL_Kiphire,Kiphire,0,0,0,0,0,0,0,0,,
442,NL,Nagaland,NL_Kohima,Kohima,0,0,0,0,0,0,0,0,,
443,NL,Nagaland,NL_Longleng,Longleng,0,0,0,0,0,0,0,0,,
444,NL,Nagaland,NL_Mokokchung,Mokokchung,0,0,0,0,0,0,0,0,,
445,NL,Nagaland,NL_Mon,Mon,0,0,0,0,0,0,0,0,,
446,NL,Nagaland,NL_Peren,Peren,0,0,0,0,0,0,0,0,,
447,NL,Nagaland,NL_Phek,Phek,0,0,0,0,0,0,0,0,,
448,NL,Nagaland,NL_Tuensang,Tuensang,0,0,0,0,0,0,0,0,,
449,NL,Nagaland,NL_Wokha,Wokha,0,0,0,0,0,0,0,0,,
450,NL,Nagaland,NL_Zunheboto,Zunheboto,0,0,0,0,0,0,0,0,,
451,OR,Odisha,OR_Angul,Angul,17,17,0,0,2,2,0,0,,
452,OR,Odisha,OR_Balangir,Balangir,6,4,2,0,0,0,0,0,,
453,OR,Odisha,OR_Balasore,Balasore,121,94,27,0,2,0,2,0,,
454,OR,Odisha,OR_Bargarh,Bargarh,0,0,0,0,0,0,0,0,,
456,OR,Odisha,OR_Bhadrak,Bhadrak,95,72,23,0,21,19,2,0,,
455,OR,Odisha,OR_Boudh,Boudh,5,5,0,0,0,0,0,0,,
457,OR,Odisha,OR_Cuttack,Cuttack,27,24,2,1,4,3,0,1,,
458,OR,Odisha,OR_Deogarh,Deogarh,2,1,1,0,0,0,0,0,,
459,OR,Odisha,OR_Dhenkanal,Dhenkanal,1,0,1,0,0,0,0,0,,
460,OR,Odisha,OR_Gajapati,Gajapati,0,0,0,0,0,0,0,0,,
461,OR,Odisha,OR_Ganjam,Ganjam,307,196,109,2,0,-20,20,0,,
462,OR,Odisha,OR_Jagatsinghpur,Jagatsinghpur,28,23,5,0,23,23,0,0,,
463,OR,Odisha,OR_Jajpur,Jajpur,168,113,55,0,31,31,0,0,,
464,OR,Odisha,OR_Jharsuguda,Jharsuguda,2,0,2,0,0,0,0,0,,
465,OR,Odisha,OR_Kalahandi,Kalahandi,2,0,2,0,0,0,0,0,,
466,OR,Odisha,OR_Kandhamal,Kandhamal,2,2,0,0,0,0,0,0,,
467,OR,Odisha,OR_Kendrapara,Kendrapara,38,30,8,0,8,3,5,0,,
468,OR,Odisha,OR_Kendujhar,Kendujhar,8,6,2,0,0,0,0,0,,
469,OR,Odisha,OR_Khordha,Khordha,64,14,48,2,4,4,0,0,,
470,OR,Odisha,OR_Koraput,Koraput,1,0,1,0,0,0,0,0,,
471,OR,Odisha,OR_Malkangiri,Malkangiri,0,0,0,0,0,0,0,0,,
472,OR,Odisha,OR_Mayurbhanj,Mayurbhanj,11,7,4,0,0,0,0,0,,
473,OR,Odisha,OR_Nabarangapur,Nabarangapur,0,0,0,0,0,0,0,0,,
474,OR,Odisha,OR_Nayagarh,Nayagarh,10,9,1,0,1,0,1,0,,
475,OR,Odisha,OR_Nuapada,Nuapada,0,0,0,0,0,0,0,0,,
476,OR,Odisha,OR_Puri,Puri,33,32,1,0,4,4,0,0,,
477,OR,Odisha,OR_Rayagada,Rayagada,0,0,0,0,0,0,0,0,,
478,OR,Odisha,OR_Sambalpur,Sambalpur,3,3,0,0,2,2,0,0,,
479,OR,Odisha,OR_Subarnapur,Subarnapur,0,0,0,0,0,0,0,0,,
480,OR,Odisha,OR_Sundargarh,Sundargarh,27,14,13,0,0,0,0,0,,
485,PB,Punjab,PB_Amritsar,Amritsar,307,8,295,4,2,2,0,0,,
486,PB,Punjab,PB_Barnala,Barnala,21,0,20,1,0,0,0,0,,
487,PB,Punjab,PB_Bathinda,Bathinda,41,4,37,0,0,0,0,0,,
488,PB,Punjab,PB_Faridkot,Faridkot,61,16,45,0,0,-6,6,0,,
489,PB,Punjab,PB_Fatehgarh Sahib,Fatehgarh Sahib,56,10,46,0,0,0,0,0,,
490,PB,Punjab,PB_Fazilka,Fazilka,44,5,39,0,0,-39,39,0,,
491,PB,Punjab,PB_Ferozepur,Ferozepur,44,0,43,1,0,0,0,0,,
492,PB,Punjab,PB_Gurdaspur,Gurdaspur,124,2,119,3,1,1,0,0,,
493,PB,Punjab,PB_Hoshiarpur,Hoshiarpur,95,2,88,5,0,-3,3,0,,
494,PB,Punjab,PB_Jalandhar,Jalandhar,209,48,156,5,0,-6,6,0,,
495,PB,Punjab,PB_Kapurthala,Kapurthala,33,0,30,3,0,0,0,0,,
496,PB,Punjab,PB_Ludhiana,Ludhiana,169,133,29,7,19,19,0,0,,
497,PB,Punjab,PB_Mansa,Mansa,32,13,19,0,0,-9,9,0,,
498,PB,Punjab,PB_Moga,Moga,59,0,59,0,-2,-3,1,0,,
499,PB,Punjab,PB_Pathankot,Pathankot,29,1,26,2,0,-12,11,1,,
500,PB,Punjab,PB_Patiala,Patiala,103,18,83,2,3,3,0,0,,
501,PB,Punjab,PB_Rupnagar,Rupnagar,60,7,52,1,0,-4,4,0,,
502,PB,Punjab,PB_S.A.S. Nagar,S.A.S. Nagar,102,2,97,3,0,0,0,0,,
503,PB,Punjab,PB_Sangrur,Sangrur,88,1,87,0,0,-7,7,0,,
504,PB,Punjab,PB_Shahid Bhagat Singh Nagar,Shahid Bhagat Singh Nagar,105,36,68,1,-1,-1,0,0,,
505,PB,Punjab,PB_Sri Muktsar Sahib,Sri Muktsar Sahib,65,15,50,0,0,-2,2,0,,
506,PB,Punjab,PB_Tarn Taran,Tarn Taran,155,1,154,0,0,-7,7,0,,
481,PY,Puducherry,PY_Karaikal,Karaikal,2,1,1,0,0,-1,1,0,,
482,PY,Puducherry,PY_Mahe,Mahe,2,0,2,0,0,0,0,0,,
483,PY,Puducherry,PY_Puducherry,Puducherry,18,11,7,0,5,5,0,0,,
484,PY,Puducherry,PY_Yanam,Yanam,0,0,0,0,0,0,0,0,,
507,RJ,Rajasthan,RJ_Ajmer,Ajmer,259,58,196,5,3,3,0,0,,
508,RJ,Rajasthan,RJ_Alwar,Alwar,36,21,13,2,1,1,0,0,,
509,RJ,Rajasthan,RJ_Banswara,Banswara,72,5,66,1,0,0,0,0,,
510,RJ,Rajasthan,RJ_Baran,Baran,4,0,4,0,0,-1,1,0,,
511,RJ,Rajasthan,RJ_Barmer,Barmer,50,49,1,0,17,17,0,0,,
512,RJ,Rajasthan,RJ_Bharatpur,Bharatpur,129,11,115,3,0,-1,1,0,,
513,RJ,Rajasthan,RJ_Bhilwara,Bhilwara,82,42,38,2,2,2,0,0,,
514,RJ,Rajasthan,RJ_Bikaner,Bikaner,65,25,37,3,12,12,0,0,,
0,RJ,Rajasthan,RJ_BSF Camp,BSF Camp,50,8,42,0,0,0,0,0,,
515,RJ,Rajasthan,RJ_Bundi,Bundi,0,0,0,0,0,0,0,0,,
516,RJ,Rajasthan,RJ_Chittorgarh,Chittorgarh,160,56,102,2,1,1,0,0,,
517,RJ,Rajasthan,RJ_Churu,Churu,49,34,14,1,3,3,0,0,,
518,RJ,Rajasthan,RJ_Dausa,Dausa,39,14,25,0,1,-1,2,0,,
519,RJ,Rajasthan,RJ_Dholpur,Dholpur,28,18,10,0,1,1,0,0,,
520,RJ,Rajasthan,RJ_Dungarpur,Dungarpur,211,203,8,0,87,84,3,0,,
0,RJ,Rajasthan,RJ_Evacuees,Evacuees,61,0,61,0,0,0,0,0,,
521,RJ,Rajasthan,RJ_Ganganagar,Ganganagar,0,0,0,0,0,0,0,0,,
522,RJ,Rajasthan,RJ_Hanumangarh,Hanumangarh,14,2,12,0,0,0,0,0,,
0,RJ,Rajasthan,RJ_Italians,Italians,2,0,2,0,0,0,0,0,,
523,RJ,Rajasthan,RJ_Jaipur,Jaipur,1640,587,983,70,17,15,0,2,,
524,RJ,Rajasthan,RJ_Jaisalmer,Jaisalmer,59,24,35,0,0,0,0,0,,
525,RJ,Rajasthan,RJ_Jalore,Jalore,97,92,3,2,0,-2,2,0,,
526,RJ,Rajasthan,RJ_Jhalawar,Jhalawar,50,3,47,0,1,1,0,0,,
527,RJ,Rajasthan,RJ_Jhunjhunu,Jhunjhunu,60,13,47,0,2,-3,5,0,,
528,RJ,Rajasthan,RJ_Jodhpur,Jodhpur,1110,302,792,16,39,39,0,0,,
529,RJ,Rajasthan,RJ_Karauli,Karauli,10,4,4,2,0,0,0,0,,
530,RJ,Rajasthan,RJ_Kota,Kota,331,80,237,14,5,4,0,1,,
531,RJ,Rajasthan,RJ_Nagaur,Nagaur,196,75,116,5,22,21,0,1,,
0,RJ,Rajasthan,RJ_Other State,Other State,7,3,0,4,0,0,0,0,,
532,RJ,Rajasthan,RJ_Pali,Pali,209,160,45,4,77,77,0,0,,
533,RJ,Rajasthan,RJ_Pratapgarh,Pratapgarh,7,3,3,1,2,2,0,0,,
534,RJ,Rajasthan,RJ_Rajsamand,Rajsamand,53,45,8,0,0,0,0,0,,
535,RJ,Rajasthan,RJ_Sawai Madhopur,Sawai Madhopur,17,8,8,1,0,0,0,0,,
536,RJ,Rajasthan,RJ_Sikar,Sikar,52,40,9,3,7,6,0,1,,
537,RJ,Rajasthan,RJ_Sirohi,Sirohi,65,65,0,0,17,17,0,0,,
538,RJ,Rajasthan,RJ_Tonk,Tonk,154,16,137,1,5,5,0,0,,
539,RJ,Rajasthan,RJ_Udaipur,Udaipur,417,404,12,1,16,16,0,0,,
540,SK,Sikkim,SK_East District,East District,0,0,0,0,0,0,0,0,,
541,SK,Sikkim,SK_North District,North District,0,0,0,0,0,0,0,0,,
542,SK,Sikkim,SK_South District,South District,0,0,0,0,0,0,0,0,,
543,SK,Sikkim,SK_West District,West District,0,0,0,0,0,0,0,0,,
0,TG,Telangana,TG_Other State,Other State,75,75,0,0,8,8,0,0,,
576,TG,Telangana,TG_Adilabad,Adilabad,21,6,15,0,0,0,0,0,,
577,TG,Telangana,TG_Bhadradri Kothagudem,Bhadradri Kothagudem,4,0,4,0,0,0,0,0,,
578,TG,Telangana,TG_Hyderabad,Hyderabad,1041,713,305,23,34,34,0,0,,
579,TG,Telangana,TG_Jagtial,Jagtial,4,2,2,0,0,0,0,0,,
580,TG,Telangana,TG_Jangaon,Jangaon,3,2,1,0,0,0,0,0,,
581,TG,Telangana,TG_Jayashankar Bhupalapally,Jayashankar Bhupalapally,3,3,0,0,0,0,0,0,,
582,TG,Telangana,TG_Jogulamba Gadwal,Jogulamba Gadwal,45,19,25,1,0,0,0,0,,
583,TG,Telangana,TG_Kamareddy,Kamareddy,12,4,8,0,0,0,0,0,,
584,TG,Telangana,TG_Karimnagar,Karimnagar,19,3,16,0,0,0,0,0,,
585,TG,Telangana,TG_Khammam,Khammam,8,5,3,0,0,0,0,0,,
586,TG,Telangana,TG_Komaram Bheem,Komaram Bheem,7,5,2,0,0,0,0,0,,
587,TG,Telangana,TG_Mahabubabad,Mahabubabad,1,0,1,0,0,0,0,0,,
588,TG,Telangana,TG_Mahabubnagar,Mahabubnagar,11,3,8,0,0,0,0,0,,
589,TG,Telangana,TG_Mancherial,Mancherial,1,0,0,1,0,0,0,0,,
590,TG,Telangana,TG_Medak,Medak,5,1,4,0,0,0,0,0,,
591,TG,Telangana,TG_Medchal Malkajgiri,Medchal Malkajgiri,25,15,9,1,0,0,0,0,,
592,TG,Telangana,TG_Mulugu,Mulugu,2,0,2,0,0,0,0,0,,
593,TG,Telangana,TG_Nagarkurnool,Nagarkurnool,2,0,2,0,0,0,0,0,,
594,TG,Telangana,TG_Nalgonda,Nalgonda,17,5,12,0,0,0,0,0,,
595,TG,Telangana,TG_Narayanpet,Narayanpet,1,0,0,1,0,0,0,0,,
596,TG,Telangana,TG_Nirmal,Nirmal,20,7,13,0,0,0,0,0,,
597,TG,Telangana,TG_Nizamabad,Nizamabad,61,31,30,0,0,0,0,0,,
598,TG,Telangana,TG_Peddapalli,Peddapalli,2,1,1,0,0,0,0,0,,
599,TG,Telangana,TG_Rajanna Sircilla,Rajanna Sircilla,3,1,2,0,0,0,0,0,,
600,TG,Telangana,TG_Ranga Reddy,Ranga Reddy,44,25,17,2,0,0,0,0,,
601,TG,Telangana,TG_Sangareddy,Sangareddy,9,3,6,0,0,0,0,0,,
602,TG,Telangana,TG_Siddipet,Siddipet,1,0,1,0,0,0,0,0,,
603,TG,Telangana,TG_Suryapet,Suryapet,83,59,24,0,0,0,0,0,,
604,TG,Telangana,TG_Vikarabad,Vikarabad,37,21,15,1,0,0,0,0,,
605,TG,Telangana,TG_Wanaparthy,Wanaparthy,0,0,0,0,0,0,0,0,,
606,TG,Telangana,TG_Warangal Rural,Warangal Rural,0,0,0,0,0,0,0,0,,
607,TG,Telangana,TG_Warangal Urban,Warangal Urban,27,4,23,0,0,0,0,0,,
608,TG,Telangana,TG_Yadadri Bhuvanagiri,Yadadri Bhuvanagiri,0,0,0,0,0,0,0,0,,
0,TN,Tamil Nadu,TN_Railway Quarantine,Railway Quarantine,2,2,0,0,0,0,0,0,,
0,TN,Tamil Nadu,TN_Airport Quarantine,Airport Quarantine,54,54,0,0,36,36,0,0,,
0,TN,Tamil Nadu,TN_Other State,Other State,1,0,0,1,0,0,0,0,,
544,TN,Tamil Nadu,TN_Ariyalur,Ariyalur,355,10,345,0,0,-17,17,0,,
732,TN,Tamil Nadu,TN_Chengalpattu,Chengalpattu,556,363,190,3,22,20,2,0,,
545,TN,Tamil Nadu,TN_Chennai,Chennai,7677,5696,1922,59,552,228,322,2,,
546,TN,Tamil Nadu,TN_Coimbatore,Coimbatore,145,0,144,1,0,0,0,0,,
547,TN,Tamil Nadu,TN_Cuddalore,Cuddalore,420,42,377,1,2,-13,15,0,,
548,TN,Tamil Nadu,TN_Dharmapuri,Dharmapuri,5,1,4,0,0,0,0,0,,
549,TN,Tamil Nadu,TN_Dindigul,Dindigul,126,19,106,1,3,-6,9,0,,
550,TN,Tamil Nadu,TN_Erode,Erode,70,0,69,1,0,0,0,0,,
734,TN,Tamil Nadu,TN_Kallakurichi,Kallakurichi,111,67,44,0,11,6,5,0,,
551,TN,Tamil Nadu,TN_Kancheepuram,Kancheepuram,206,85,120,1,5,-8,13,0,,
552,TN,Tamil Nadu,TN_Kanyakumari,Kanyakumari,49,32,16,1,5,5,0,0,,
553,TN,Tamil Nadu,TN_Karur,Karur,79,34,45,0,6,6,0,0,,
554,TN,Tamil Nadu,TN_Krishnagiri,Krishnagiri,20,2,18,0,0,-18,18,0,,
555,TN,Tamil Nadu,TN_Madurai,Madurai,163,53,108,2,0,0,0,0,,
556,TN,Tamil Nadu,TN_Nagapattinam,Nagapattinam,51,6,45,0,1,1,0,0,,
557,TN,Tamil Nadu,TN_Namakkal,Namakkal,77,0,77,0,0,0,0,0,,
564,TN,Tamil Nadu,TN_Nilgiris,Nilgiris,14,3,11,0,0,0,0,0,,
558,TN,Tamil Nadu,TN_Perambalur,Perambalur,139,48,91,0,0,-58,58,0,,
559,TN,Tamil Nadu,TN_Pudukkottai,Pudukkottai,7,5,2,0,0,0,0,0,,
560,TN,Tamil Nadu,TN_Ramanathapuram,Ramanathapuram,39,17,21,1,2,2,0,0,,
733,TN,Tamil Nadu,TN_Ranipet,Ranipet,84,38,46,0,1,1,0,0,,
561,TN,Tamil Nadu,TN_Salem,Salem,49,14,35,0,0,0,0,0,,
562,TN,Tamil Nadu,TN_Sivaganga,Sivaganga,26,14,12,0,0,0,0,0,,
731,TN,Tamil Nadu,TN_Tenkasi,Tenkasi,72,28,44,0,2,-2,4,0,,
563,TN,Tamil Nadu,TN_Thanjavur,Thanjavur,75,9,66,0,3,-1,4,0,,
565,TN,Tamil Nadu,TN_Theni,Theni,89,45,43,1,1,1,0,0,,
566,TN,Tamil Nadu,TN_Thiruvallur,Thiruvallur,571,380,185,6,8,1,6,1,,
567,TN,Tamil Nadu,TN_Thiruvarur,Thiruvarur,32,2,30,0,0,-1,1,0,,
568,TN,Tamil Nadu,TN_Thoothukkudi,Thoothukkudi,90,59,29,2,6,5,1,0,,
569,TN,Tamil Nadu,TN_Tiruchirappalli,Tiruchirappalli,68,6,62,0,1,1,0,0,,
570,TN,Tamil Nadu,TN_Tirunelveli,Tirunelveli,227,156,70,1,20,14,6,0,,
735,TN,Tamil Nadu,TN_Tirupathur,Tirupathur,29,7,22,0,0,-2,2,0,,
571,TN,Tamil Nadu,TN_Tiruppur,Tiruppur,114,0,114,0,0,0,0,0,,
572,TN,Tamil Nadu,TN_Tiruvannamalai,Tiruvannamalai,154,113,41,0,0,0,0,0,,
573,TN,Tamil Nadu,TN_Vellore,Vellore,35,8,26,1,0,-4,4,0,,
574,TN,Tamil Nadu,TN_Viluppuram,Viluppuram,312,32,278,2,0,-2,2,0,,
575,TN,Tamil Nadu,TN_Virudhunagar,Virudhunagar,55,18,37,0,1,1,0,0,,
609,TR,Tripura,TR_Dhalai,Dhalai,160,46,114,0,0,-27,27,0,,
610,TR,Tripura,TR_Gomati,Gomati,2,1,1,0,0,0,0,0,,
611,TR,Tripura,TR_Khowai,Khowai,1,1,0,0,0,0,0,0,,
612,TR,Tripura,TR_North Tripura,North Tripura,4,3,1,0,0,0,0,0,,
613,TR,Tripura,TR_Sipahijala,Sipahijala,0,0,0,0,0,0,0,0,,
614,TR,Tripura,TR_South Tripura,South Tripura,0,0,0,0,0,0,0,0,,
615,TR,Tripura,TR_Unokoti,Unokoti,0,0,0,0,0,0,0,0,,
616,TR,Tripura,TR_West Tripura,West Tripura,0,0,0,0,0,0,0,0,,
617,UP,Uttar Pradesh,UP_Agra,Agra,815,241,547,27,0,0,0,0,,
618,UP,Uttar Pradesh,UP_Aligarh,Aligarh,78,31,39,8,0,0,0,0,,
619,UP,Uttar Pradesh,UP_Ambedkar Nagar,Ambedkar Nagar,20,20,0,0,0,0,0,0,,
620,UP,Uttar Pradesh,UP_Amethi,Amethi,26,26,0,0,0,0,0,0,,
621,UP,Uttar Pradesh,UP_Amroha,Amroha,33,3,29,1,0,0,0,0,,
622,UP,Uttar Pradesh,UP_Auraiya,Auraiya,20,8,12,0,0,0,0,0,,
765,UP,Uttar Pradesh,UP_Ayodhya,Ayodhya,7,6,1,0,0,0,0,0,,
623,UP,Uttar Pradesh,UP_Azamgarh,Azamgarh,14,4,9,1,0,0,0,0,,
624,UP,Uttar Pradesh,UP_Baghpat,Baghpat,26,8,18,0,0,0,0,0,,
625,UP,Uttar Pradesh,UP_Bahraich,Bahraich,51,33,18,0,0,0,0,0,,
626,UP,Uttar Pradesh,UP_Ballia,Ballia,12,12,0,0,0,0,0,0,,
627,UP,Uttar Pradesh,UP_Balrampur,Balrampur,27,26,1,0,0,0,0,0,,
628,UP,Uttar Pradesh,UP_Banda,Banda,21,4,17,0,0,0,0,0,,
629,UP,Uttar Pradesh,UP_Barabanki,Barabanki,29,27,2,0,0,0,0,0,,
630,UP,Uttar Pradesh,UP_Bareilly,Bareilly,17,6,10,1,0,0,0,0,,
631,UP,Uttar Pradesh,UP_Basti,Basti,54,23,30,1,0,0,0,0,,
632,UP,Uttar Pradesh,UP_Bhadohi,Bhadohi,9,7,2,0,0,0,0,0,,
633,UP,Uttar Pradesh,UP_Bijnor,Bijnor,46,5,40,1,0,0,0,0,,
634,UP,Uttar Pradesh,UP_Budaun,Budaun,17,0,17,0,0,0,0,0,,
635,UP,Uttar Pradesh,UP_Bulandshahr,Bulandshahr,81,21,59,1,0,0,0,0,,
636,UP,Uttar Pradesh,UP_Chandauli,Chandauli,8,8,0,0,0,0,0,0,,
637,UP,Uttar Pradesh,UP_Chitrakoot,Chitrakoot,15,12,3,0,0,0,0,0,,
638,UP,Uttar Pradesh,UP_Deoria,Deoria,13,11,2,0,0,0,0,0,,
639,UP,Uttar Pradesh,UP_Etah,Etah,11,1,9,1,0,0,0,0,,
640,UP,Uttar Pradesh,UP_Etawah,Etawah,4,2,2,0,0,0,0,0,,
642,UP,Uttar Pradesh,UP_Farrukhabad,Farrukhabad,18,18,0,0,0,0,0,0,,
643,UP,Uttar Pradesh,UP_Fatehpur,Fatehpur,9,8,1,0,0,0,0,0,,
644,UP,Uttar Pradesh,UP_Firozabad,Firozabad,203,25,174,4,0,0,0,0,,
645,UP,Uttar Pradesh,UP_Gautam Buddha Nagar,Gautam Buddha Nagar,269,72,192,5,0,0,0,0,,
646,UP,Uttar Pradesh,UP_Ghaziabad,Ghaziabad,192,58,132,2,0,0,0,0,,
647,UP,Uttar Pradesh,UP_Ghazipur,Ghazipur,36,30,6,0,0,0,0,0,,
648,UP,Uttar Pradesh,UP_Gonda,Gonda,31,28,3,0,0,0,0,0,,
649,UP,Uttar Pradesh,UP_Gorakhpur,Gorakhpur,19,17,2,0,0,0,0,0,,
650,UP,Uttar Pradesh,UP_Hamirpur,Hamirpur,2,1,1,0,0,0,0,0,,
651,UP,Uttar Pradesh,UP_Hapur,Hapur,83,44,38,1,0,0,0,0,,
652,UP,Uttar Pradesh,UP_Hardoi,Hardoi,18,16,2,0,0,0,0,0,,
653,UP,Uttar Pradesh,UP_Hathras,Hathras,20,12,8,0,0,0,0,0,,
654,UP,Uttar Pradesh,UP_Jalaun,Jalaun,40,36,3,1,0,0,0,0,,
655,UP,Uttar Pradesh,UP_Jaunpur,Jaunpur,30,22,8,0,0,0,0,0,,
656,UP,Uttar Pradesh,UP_Jhansi,Jhansi,30,11,15,4,0,0,0,0,,
657,UP,Uttar Pradesh,UP_Kannauj,Kannauj,25,18,7,0,0,0,0,0,,
658,UP,Uttar Pradesh,UP_Kanpur Dehat,Kanpur Dehat,7,5,1,1,0,0,0,0,,
659,UP,Uttar Pradesh,UP_Kanpur Nagar,Kanpur Nagar,317,40,269,8,0,0,0,0,,
660,UP,Uttar Pradesh,UP_Kasganj,Kasganj,8,5,3,0,0,0,0,0,,
661,UP,Uttar Pradesh,UP_Kaushambi,Kaushambi,17,15,2,0,0,0,0,0,,
663,UP,Uttar Pradesh,UP_Kushinagar,Kushinagar,5,2,2,1,0,0,0,0,,
662,UP,Uttar Pradesh,UP_Lakhimpur Kheri,Lakhimpur Kheri,32,27,5,0,0,0,0,0,,
664,UP,Uttar Pradesh,UP_Lalitpur,Lalitpur,1,0,0,1,0,0,0,0,,
665,UP,Uttar Pradesh,UP_Lucknow,Lucknow,295,63,231,1,0,0,0,0,,
667,UP,Uttar Pradesh,UP_Maharajganj,Maharajganj,20,13,7,0,0,0,0,0,,
666,UP,Uttar Pradesh,UP_Mahoba,Mahoba,3,0,2,1,0,0,0,0,,
668,UP,Uttar Pradesh,UP_Mainpuri,Mainpuri,16,6,8,2,0,0,0,0,,
669,UP,Uttar Pradesh,UP_Mathura,Mathura,50,16,30,4,0,0,0,0,,
670,UP,Uttar Pradesh,UP_Mau,Mau,4,3,1,0,0,0,0,0,,
671,UP,Uttar Pradesh,UP_Meerut,Meerut,331,170,142,19,0,0,0,0,,
672,UP,Uttar Pradesh,UP_Mirzapur,Mirzapur,17,8,9,0,0,0,0,0,,
673,UP,Uttar Pradesh,UP_Moradabad,Moradabad,158,37,110,11,0,0,0,0,,
674,UP,Uttar Pradesh,UP_Muzaffarnagar,Muzaffarnagar,29,4,25,0,0,0,0,0,,
675,UP,Uttar Pradesh,UP_Pilibhit,Pilibhit,15,11,4,0,0,0,0,0,,
676,UP,Uttar Pradesh,UP_Pratapgarh,Pratapgarh,38,25,12,1,0,0,0,0,,
677,UP,Uttar Pradesh,UP_Prayagraj,Prayagraj,42,28,13,1,0,0,0,0,,
678,UP,Uttar Pradesh,UP_Rae Bareli,Rae Bareli,52,5,47,0,0,0,0,0,,
679,UP,Uttar Pradesh,UP_Rampur,Rampur,71,48,23,0,0,0,0,0,,
680,UP,Uttar Pradesh,UP_Saharanpur,Saharanpur,218,29,189,0,0,0,0,0,,
681,UP,Uttar Pradesh,UP_Sambhal,Sambhal,55,35,20,0,0,0,0,0,,
682,UP,Uttar Pradesh,UP_Sant Kabir Nagar,Sant Kabir Nagar,39,10,25,4,0,0,0,0,,
683,UP,Uttar Pradesh,UP_Shahjahanpur,Shahjahanpur,7,6,1,0,0,0,0,0,,
684,UP,Uttar Pradesh,UP_Shamli,Shamli,37,10,27,0,0,0,0,0,,
685,UP,Uttar Pradesh,UP_Shrawasti,Shrawasti,17,12,4,1,0,0,0,0,,
686,UP,Uttar Pradesh,UP_Siddharthnagar,Siddharthnagar,49,30,19,0,0,0,0,0,,
687,UP,Uttar Pradesh,UP_Sitapur,Sitapur,34,13,21,0,0,0,0,0,,
688,UP,Uttar Pradesh,UP_Sonbhadra,Sonbhadra,3,3,0,0,0,0,0,0,,
689,UP,Uttar Pradesh,UP_Sultanpur,Sultanpur,27,24,3,0,0,0,0,0,,
690,UP,Uttar Pradesh,UP_Unnao,Unnao,6,2,4,0,0,0,0,0,,
691,UP,Uttar Pradesh,UP_Varanasi,Varanasi,106,38,65,3,0,0,0,0,,
692,UT,Uttarakhand,UT_Almora,Almora,2,1,1,0,0,0,0,0,,
693,UT,Uttarakhand,UT_Bageshwar,Bageshwar,2,2,0,0,2,2,0,0,,
694,UT,Uttarakhand,UT_Chamoli,Chamoli,1,1,0,0,1,1,0,0,,
695,UT,Uttarakhand,UT_Champawat,Champawat,0,0,0,0,0,0,0,0,,
696,UT,Uttarakhand,UT_Dehradun,Dehradun,47,18,28,1,0,0,0,0,,
697,UT,Uttarakhand,UT_Haridwar,Haridwar,7,1,6,0,0,0,0,0,,
698,UT,Uttarakhand,UT_Nainital,Nainital,23,13,10,0,7,7,0,0,,
699,UT,Uttarakhand,UT_Pauri Garhwal,Pauri Garhwal,4,3,1,0,2,2,0,0,,
700,UT,Uttarakhand,UT_Pithoragarh,Pithoragarh,0,0,0,0,0,0,0,0,,
701,UT,Uttarakhand,UT_Rudraprayag,Rudraprayag,0,0,0,0,0,0,0,0,,
702,UT,Uttarakhand,UT_Tehri Garhwal,Tehri Garhwal,0,0,0,0,0,0,0,0,,
703,UT,Uttarakhand,UT_Udham Singh Nagar,Udham Singh Nagar,23,18,5,0,3,3,0,0,,
704,UT,Uttarakhand,UT_Uttarkashi,Uttarkashi,2,2,0,0,0,0,0,0,,
705,WB,West Bengal,WB_Alipurduar,Alipurduar,0,0,0,0,0,0,0,0,,
706,WB,West Bengal,WB_Bankura,Bankura,0,0,0,0,0,0,0,0,,
707,WB,West Bengal,WB_Birbhum,Birbhum,12,6,6,0,1,1,0,0,,
708,WB,West Bengal,WB_Cooch Behar,Cooch Behar,0,0,0,0,0,0,0,0,,
709,WB,West Bengal,WB_Dakshin Dinajpur,Dakshin Dinajpur,3,3,0,0,0,0,0,0,,
710,WB,West Bengal,WB_Darjeeling,Darjeeling,9,3,5,1,2,2,0,0,,
711,WB,West Bengal,WB_Hooghly,Hooghly,153,79,69,5,3,-21,23,1,,
712,WB,West Bengal,WB_Howrah,Howrah,625,403,190,32,26,20,6,0,,
713,WB,West Bengal,WB_Jalpaiguri,Jalpaiguri,4,0,4,0,0,0,0,0,,
714,WB,West Bengal,WB_Jhargram,Jhargram,3,3,0,0,0,0,0,0,,
715,WB,West Bengal,WB_Kalimpong,Kalimpong,7,0,6,1,0,0,0,0,,
716,WB,West Bengal,WB_Kolkata,Kolkata,1433,739,525,169,61,33,24,4,,
717,WB,West Bengal,WB_Malda,Malda,45,35,10,0,11,1,10,0,,
719,WB,West Bengal,WB_Murshidabad,Murshidabad,12,7,4,1,3,3,0,0,,
720,WB,West Bengal,WB_Nadia,Nadia,16,8,8,0,2,2,0,0,,
721,WB,West Bengal,WB_North 24 Parganas,North 24 Parganas,396,218,146,32,15,12,3,0,,
0,WB,West Bengal,WB_Other State,Other State,22,18,3,1,2,1,1,0,,
722,WB,West Bengal,WB_Paschim Bardhaman,Paschim Bardhaman,19,7,10,2,1,1,0,0,,
718,WB,West Bengal,WB_Paschim Medinipur,Paschim Medinipur,20,1,19,0,0,0,0,0,,
723,WB,West Bengal,WB_Purba Bardhaman,Purba Bardhaman,16,11,5,0,2,2,0,0,,
724,WB,West Bengal,WB_Purba Medinipur,Purba Medinipur,51,21,29,1,0,0,0,0,,
725,WB,West Bengal,WB_Purulia,Purulia,0,0,0,0,0,0,0,0,,
726,WB,West Bengal,WB_South 24 Parganas,South 24 Parganas,102,62,35,5,5,3,1,1,,
727,WB,West Bengal,WB_Uttar Dinajpur,Uttar Dinajpur,13,13,0,0,3,3,0,0,,
728,AN,Andaman and Nicobar Islands,AN_Unknown,Unknown,0,0,0,0,0,0,0,0,,
729,AP,Andhra Pradesh,AP_Unknown,Unknown,57,-12,69,0,0,0,0,0,,
730,AR,Arunachal Pradesh,AR_Unknown,Unknown,0,0,0,0,0,0,0,0,,
731,AS,Assam,AS_Unknown,Unknown,16,14,1,1,0,0,0,0,,
732,BR,Bihar,BR_Unknown,Unknown,0,0,0,0,0,0,0,0,,
733,CH,Chandigarh,CH_Unknown,Unknown,0,0,0,0,0,0,0,0,,
734,CT,Chhattisgarh,CT_Unknown,Unknown,0,0,0,0,0,0,0,0,,
735,DN,Dadra and Nagar Haveli and Daman and Diu,DN_Unknown,Unknown,0,0,0,0,0,0,0,0,,
737,DL,Delhi,DL_Unknown,Unknown,9766,4851,4750,165,0,0,0,0,,
738,GA,Goa,GA_Unknown,Unknown,22,22,0,0,0,0,0,0,,
739,GJ,Gujarat,GJ_Unknown,Unknown,0,0,0,0,0,0,0,0,,
740,HR,Haryana,HR_Unknown,Unknown,0,-7,7,0,0,0,0,0,,
741,HP,Himachal Pradesh,HP_Unknown,Unknown,0,0,0,0,0,0,0,0,,
742,JK,Jammu and Kashmir,JK_Unknown,Unknown,0,0,0,0,0,0,0,0,,
743,JH,Jharkhand,JH_Unknown,Unknown,0,0,0,0,0,0,0,0,,
744,KA,Karnataka,KA_Unknown,Unknown,0,0,0,0,0,0,0,0,,
745,KL,Kerala,KL_Unknown,Unknown,0,0,0,0,0,0,0,0,,
746,LA,Ladakh,LA_Unknown,Unknown,0,0,0,0,0,0,0,0,,
747,LD,Lakshadweep,LD_Unknown,Unknown,0,0,0,0,0,0,0,0,,
748,MP,Madhya Pradesh,MP_Unknown,Unknown,0,0,0,0,0,0,0,0,,
749,MH,Maharashtra,MH_Unknown,Unknown,2078,800,1202,76,0,0,0,0,,
750,MN,Manipur,MN_Unknown,Unknown,0,0,0,0,0,0,0,0,,
751,ML,Meghalaya,ML_Unknown,Unknown,0,0,0,0,0,0,0,0,,
752,MZ,Mizoram,MZ_Unknown,Unknown,0,0,0,0,0,0,0,0,,
753,NL,Nagaland,NL_Unknown,Unknown,0,0,0,0,0,0,0,0,,
754,OR,Odisha,OR_Unknown,Unknown,0,0,0,0,0,0,0,0,,
755,PY,Puducherry,PY_Unknown,Unknown,0,0,0,0,0,0,0,0,,
756,PB,Punjab,PB_Unknown,Unknown,0,0,0,0,0,0,0,0,,
757,RJ,Rajasthan,RJ_Unknown,Unknown,0,-105,105,0,0,0,0,0,,
758,SK,Sikkim,SK_Unknown,Unknown,0,0,0,0,0,0,0,0,,
759,TN,Tamil Nadu,TN_Unknown,Unknown,0,0,0,0,0,0,0,0,,
760,TG,Telangana,TG_Unknown,Unknown,40,-428,460,8,0,0,0,0,,
761,TR,Tripura,TR_Unknown,Unknown,2,2,0,0,0,0,0,0,,
762,UP,Uttar Pradesh,UP_Unknown,Unknown,321,181,135,5,0,0,0,0,,
763,UT,Uttarakhand,UT_Unknown,Unknown,0,-1,1,0,0,0,0,0,,
764,WB,West Bengal,WB_Unknown,Unknown,0,0,0,0,0,0,0,0,,